{"abarth": 205894.77777777778, "alfa-romeo": 173196.4757709251, "audi": 298662.1974206349, "autre": 250000.0, "bentley": 800000.0, "bmw": 292582.5388994307, "byd": 50000.0, "cadillac": 826666.6666666666, "chana": 37250.0, "changhe": 27500.0, "chery": 90780.48780487805, "chevrolet": 92900.70921985815, "chrysler": 184250.0, "citroen": 99915.15463917526, "cupra": 436666.6666666667, "dacia": 103346.18175765646, "daewoo": 30125.0, "daihatsu": 45671.875, "dfsk": 131516.12903225806, "dodge": 131562.375, "ds": 240978.0, "faw": 46666.666666666664, "ferrari": 3900000.0, "fiat": 100327.95750708216, "ford": 130968.8793939394, "foton": 50000.0, "gaz": 205000.0, "geely": 267700.0, "gmc": 923333.3333333334, "gme": 40000.0, "great-wall": 69000.0, "gwm": 470000.0, "hafei": 49200.0, "honda": 87456.98511166254, "hummer": 195000.0, "hyundai": 156206.64280442803, "infiniti": 80000.0, "isuzu": 135464.2857142857, "iveco": 252071.42857142858, "jaguar": 313309.31677018636, "jeep": 229262.37293729372, "kia": 127300.95534290271, "lada": 39500.0, "lancia": 82466.66666666667, "land-rover": 379790.3396226415, "lexus": 516173.07692307694, "lifan": 37571.42857142857, "mahindra": 173250.0, "maserati": 390357.14285714284, "mazda": 99493.90243902439, "mercedes": 245573.52729955732, "mini": 160900.00763358778, "mitsubishi": 133800.0, "nissan": 148817.98573975044, "opel": 128035.84748427673, "peugeot": 100649.85803757829, "porsche": 841067.729032258, "renault": 104619.8418972332, "rover": 45833.333333333336, "seat": 132899.31386861313, "simca": 175000.0, "skoda": 173201.73913043478, "smart": 95000.0, "ssangyong": 104370.10309278351, "suzuki": 61053.775, "tata": 132940.0, "tesla": 550000.0, "toyota": 130727.09361702128, "triumph": 290000.0, "volkswagen": 165004.81623226657, "volvo": 223048.90760869565, "zotye": 50500.0}